Description,Transaction Date,Transaction Time,Tax Type,Transaction Type,Refund Type,Product Title,Product id,Product Type,Sku Id,Hardware,Buyer Country,Buyer State,Buyer Postal Code,Buyer Currency,Amount (Buyer Currency),Currency Conversion Rate,Merchant Currency,Amount (Merchant Currency),Base Plan ID,Offer ID,Group ID,First USD 1M Eligible,Service Fee %,Fee Description,Promotion ID
GPA.3394-1021-1759-15203,"Aug 5, 2024",10:21:34 AM PDT,,Charge,,Upgrade to premium (ATouch IOS - Screen Recorder),com.tuanfadbg.assistivetouchscreenrecorder,1,assistive_touch_upgrade_to_premium,a03s,ID,,,IDR,29000,0.000062,USD,1.79,,,4990521550177150317,Yes,,,
GPA.3394-1021-1759-15203,"Aug 5, 2024",10:21:34 AM PDT,,Google fee,,Upgrade to premium (ATouch IOS - Screen Recorder),com.tuanfadbg.assistivetouchscreenrecorder,1,assistive_touch_upgrade_to_premium,a03s,ID,,,IDR,-4350,0.000062,USD,-0.27,,,4990521550177150317,Yes,15,,
GPA.3322-2234-7932-17872,"Aug 5, 2024",11:57:34 AM PDT,,Charge,,Upgrade to premium (Control Center Screen Recorder),com.tuanfadbg.controlcenterios,1,upgrade_premium_1,a04,EC,,080108,USD,1.99,1.000000,USD,1.99,,,4990521550177150317,Yes,,,
GPA.3322-2234-7932-17872,"Aug 5, 2024",11:57:34 AM PDT,,Google fee,,Upgrade to premium (Control Center Screen Recorder),com.tuanfadbg.controlcenterios,1,upgrade_premium_1,a04,EC,,080108,USD,-0.30,1.000000,USD,-0.30,,,4990521550177150317,Yes,15,,
GPA.3385-7002-1712-80419,"Aug 6, 2024",6:21:40 PM PDT,,Charge,,Upgrade to premium (Photo Progress: Before - After),com.tuanfadbg.trackprogress.beforeafterimage,1,progress_1_usd,OP4B80L1,TR,,,TRY,5.57,0.029747,USD,0.17,,,4990521550177150317,Yes,,,
GPA.3385-7002-1712-80419,"Aug 6, 2024",6:21:40 PM PDT,,Google fee,,Upgrade to premium (Photo Progress: Before - After),com.tuanfadbg.trackprogress.beforeafterimage,1,progress_1_usd,OP4B80L1,TR,,,TRY,-0.84,0.029747,USD,-0.02,,,4990521550177150317,Yes,15,,
GPA.3365-8085-5281-49984,"Aug 6, 2024",10:29:27 PM PDT,,Charge,,Upgrade to premium (Control Center Screen Recorder),com.tuanfadbg.controlcenterios,1,upgrade_premium_1,SC-53D,JP,,8574214,JPY,230,0.006794,USD,1.56,,,4990521550177150317,Yes,,,
GPA.3365-8085-5281-49984,"Aug 6, 2024",10:29:27 PM PDT,,Google fee,,Upgrade to premium (Control Center Screen Recorder),com.tuanfadbg.controlcenterios,1,upgrade_premium_1,SC-53D,JP,,8574214,JPY,-34,0.006794,USD,-0.23,,,4990521550177150317,Yes,15,,
GPA.3330-2792-7801-72290,"Aug 12, 2024",10:37:28 PM PDT,,Charge,,Upgrade to premium (Control Center Screen Recorder),com.tuanfadbg.controlcenterios,1,upgrade_premium_1,e2q,US,OH,44103,USD,1.99,1.000000,USD,1.99,,,4990521550177150317,Yes,,,
GPA.3330-2792-7801-72290,"Aug 12, 2024",10:37:28 PM PDT,,Google fee,,Upgrade to premium (Control Center Screen Recorder),com.tuanfadbg.controlcenterios,1,upgrade_premium_1,e2q,US,OH,44103,USD,-0.30,1.000000,USD,-0.30,,,4990521550177150317,Yes,15,,
GPA.3362-6609-3109-15598,"Aug 14, 2024",10:05:53 AM PDT,,Charge,,Upgrade to premium (Control Center Screen Recorder),com.tuanfadbg.controlcenterios,1,upgrade_premium_1,a14xm,US,NJ,07522,USD,1.99,1.000000,USD,1.99,,,4990521550177150317,Yes,,,
GPA.3362-6609-3109-15598,"Aug 14, 2024",10:05:53 AM PDT,,Google fee,,Upgrade to premium (Control Center Screen Recorder),com.tuanfadbg.controlcenterios,1,upgrade_premium_1,a14xm,US,NJ,07522,USD,-0.30,1.000000,USD,-0.30,,,4990521550177150317,Yes,15,,
GPA.3355-1415-7915-04035,"Aug 15, 2024",8:37:27 AM PDT,,Charge,,Upgrade to premium (ATouch IOS - Screen Recorder),com.tuanfadbg.assistivetouchscreenrecorder,1,assistive_touch_upgrade_to_premium,a31,GH,,,GHS,12.31,0.063993,USD,0.79,,,4990521550177150317,Yes,,,
GPA.3355-1415-7915-04035,"Aug 15, 2024",8:37:27 AM PDT,,Google fee,,Upgrade to premium (ATouch IOS - Screen Recorder),com.tuanfadbg.assistivetouchscreenrecorder,1,assistive_touch_upgrade_to_premium,a31,GH,,,GHS,-1.85,0.063993,USD,-0.12,,,4990521550177150317,Yes,15,,
GPA.3361-4896-9828-49800,"Aug 18, 2024",5:00:05 AM PDT,,Charge,,Upgrade to premium (Photo Progress: Before - After),com.tuanfadbg.trackprogress.beforeafterimage,1,progress_1_usd,bangkk,IN,Gujarat,,INR,72.03,0.011912,USD,0.86,,,4990521550177150317,Yes,,,
GPA.3361-4896-9828-49800,"Aug 18, 2024",5:00:05 AM PDT,,Google fee,,Upgrade to premium (Photo Progress: Before - After),com.tuanfadbg.trackprogress.beforeafterimage,1,progress_1_usd,bangkk,IN,Gujarat,,INR,-10.80,0.011912,USD,-0.13,,,4990521550177150317,Yes,15,,
GPA.3378-0303-0550-22807,"Aug 20, 2024",1:10:40 AM PDT,,Charge,,Upgrade to premium (Control Center Screen Recorder),com.tuanfadbg.controlcenterios,1,upgrade_premium_1,sailfish,IL,,,ILS,6.50,0.270370,USD,1.76,,,4990521550177150317,Yes,,,
GPA.3378-0303-0550-22807,"Aug 20, 2024",1:10:40 AM PDT,,Google fee,,Upgrade to premium (Control Center Screen Recorder),com.tuanfadbg.controlcenterios,1,upgrade_premium_1,sailfish,IL,,,ILS,-1.00,0.270370,USD,-0.27,,,4990521550177150317,Yes,15,,
GPA.3386-7189-4840-06802,"Aug 20, 2024",8:16:56 PM PDT,,Charge,,Upgrade to premium (Photo Progress: Before - After),com.tuanfadbg.trackprogress.beforeafterimage,1,progress_1_usd,dm3q,US,CA,94134,USD,0.99,1.000000,USD,0.99,,,4990521550177150317,Yes,,,
GPA.3386-7189-4840-06802,"Aug 20, 2024",8:16:56 PM PDT,,Google fee,,Upgrade to premium (Photo Progress: Before - After),com.tuanfadbg.trackprogress.beforeafterimage,1,progress_1_usd,dm3q,US,CA,94134,USD,-0.15,1.000000,USD,-0.15,,,4990521550177150317,Yes,15,,
GPA.3301-3362-9615-82609,"Aug 23, 2024",5:19:00 AM PDT,,Charge,,Upgrade to premium (Photo Progress: Before - After),com.tuanfadbg.trackprogress.beforeafterimage,1,progress_1_usd,r11s,PL,,71-047,PLN,3.89,0.260140,USD,1.01,,,4990521550177150317,Yes,,,
GPA.3301-3362-9615-82609,"Aug 23, 2024",5:19:00 AM PDT,,Google fee,,Upgrade to premium (Photo Progress: Before - After),com.tuanfadbg.trackprogress.beforeafterimage,1,progress_1_usd,r11s,PL,,71-047,PLN,-0.58,0.260140,USD,-0.15,,,4990521550177150317,Yes,15,,
GPA.3394-0116-8198-54532,"Aug 25, 2024",4:57:03 PM PDT,,Charge,,Upgrade to premium (Photo Progress: Before - After),com.tuanfadbg.trackprogress.beforeafterimage,1,progress_1_usd,p3q,US,MI,49221,USD,0.99,1.000000,USD,0.99,,,4990521550177150317,Yes,,,
GPA.3394-0116-8198-54532,"Aug 25, 2024",4:57:03 PM PDT,,Google fee,,Upgrade to premium (Photo Progress: Before - After),com.tuanfadbg.trackprogress.beforeafterimage,1,progress_1_usd,p3q,US,MI,49221,USD,-0.15,1.000000,USD,-0.15,,,4990521550177150317,Yes,15,,
GPA.3392-7002-7858-16464,"Aug 26, 2024",12:35:00 PM PDT,,Charge,,Upgrade to premium (Photo Progress: Before - After),com.tuanfadbg.trackprogress.beforeafterimage,1,progress_1_usd,a54x,BR,BA,41830-498,BRL,3.99,0.182390,USD,0.73,,,4990521550177150317,Yes,,,
GPA.3392-7002-7858-16464,"Aug 26, 2024",12:35:00 PM PDT,,Google fee,,Upgrade to premium (Photo Progress: Before - After),com.tuanfadbg.trackprogress.beforeafterimage,1,progress_1_usd,a54x,BR,BA,41830-498,BRL,-0.60,0.182390,USD,-0.11,,,4990521550177150317,Yes,15,,
GPA.3392-7002-7858-16464,"Aug 26, 2024",12:35:00 PM PDT,Brazil CIDE Withholding Tax,Tax,,Upgrade to premium (Photo Progress: Before - After),com.tuanfadbg.trackprogress.beforeafterimage,1,progress_1_usd,a54x,BR,BA,41830-498,BRL,-0.33,0.182390,USD,-0.06,,,4990521550177150317,Yes,,,
GPA.3392-7002-7858-16464,"Aug 26, 2024",12:35:00 PM PDT,Brazil IRRF Withholding Tax,Tax,,Upgrade to premium (Photo Progress: Before - After),com.tuanfadbg.trackprogress.beforeafterimage,1,progress_1_usd,a54x,BR,BA,41830-498,BRL,-0.49,0.182390,USD,-0.09,,,4990521550177150317,Yes,,,
GPA.3347-4137-7210-36861,"Aug 26, 2024",8:38:57 PM PDT,,Charge,,Upgrade to premium (ATouch IOS - Screen Recorder),com.tuanfadbg.assistivetouchscreenrecorder,1,assistive_touch_upgrade_to_premium,RE58C2,MY,,,MYR,8.32,0.229580,USD,1.91,,,4990521550177150317,Yes,,,
GPA.3347-4137-7210-36861,"Aug 26, 2024",8:38:57 PM PDT,,Google fee,,Upgrade to premium (ATouch IOS - Screen Recorder),com.tuanfadbg.assistivetouchscreenrecorder,1,assistive_touch_upgrade_to_premium,RE58C2,MY,,,MYR,-1.25,0.229580,USD,-0.29,,,4990521550177150317,Yes,15,,
GPA.3305-2024-5803-07312,"Aug 30, 2024",5:32:32 PM PDT,,Charge,,Upgrade to premium (Control Center Screen Recorder),com.tuanfadbg.controlcenterios,1,upgrade_premium_1,e3q,FI,,00630,EUR,1.77,1.104800,USD,1.96,,,4990521550177150317,Yes,,,
GPA.3305-2024-5803-07312,"Aug 30, 2024",5:32:32 PM PDT,,Google fee,,Upgrade to premium (Control Center Screen Recorder),com.tuanfadbg.controlcenterios,1,upgrade_premium_1,e3q,FI,,00630,EUR,-0.27,1.104800,USD,-0.30,,,4990521550177150317,Yes,15,,
